"","PC1+PC2","PC1","PC2","PC3"
"Rep 1",0.89089,0.6886,0.20229,0.10911
"Rep 2",0.86466,0.62363,0.24103,0.13535
